userId,profileName,label
A328S9RN3U5M68,Grady Harp,2
AD4CDZK7D31XP,Anthony Accordino,2
A3Q4S5DFVPB70D,Joseph P. Aiello,2
A2P7UB02HAVEPB,bruce_from_la,2
A2TX99AZKDK0V7,Henrique Peirano,2
AWPODHOB4GFWL,"Martin A Hogan ""Marty From SF",2
A2198FZZMTJ38H,D. Litton,2
A2V3P1XE33NYC3,Jeffrey Leach,2
A3L2U581LL17EB,Eric,2
A1Z9OQG9GZ26X2,Joboo,2
A28ILXH590CMRJ,Hazen B Markoe,2
A2VOIE123XM7T5,G M. Stathis,2
ADX5JX5LKLC22,Intro Spective,2
A13TO1ZFAH9SVN,Matthew Edmundson,2
A3FX9KYW53MRBD,"Susan Hinojoza ""It's a full life.",1
A2R93V4Q29O83N,C. Carpenter,1
A1QQPIUXWD4G0Z,Octavius,1
A2DRCJ1YOFTZKK,Dana,1
A2D4RUMDYEF0S5,Thomas Foss,0
A2AW4A1E87R9UH,"H. Mirza ""The Dude",0
AQ01Q3070LT29,James McDonald,0
A2ZSC81MXLBELX,"L. Shirley ""Laurie's Boomer Views",2
A25ZVI6RH1KA5L,"cookieman108 ""cookieman108",2
A1BWHXTFOVF9CY,Blackhawk,2
AF4H64QU3J28H,"Aya ""happyboardrider",2
A1FPFWDC1ASYNJ,Rodrigo Llamozas,2
A3AF8P0GINFADV,Black Barbie,2
ANEBAA4RGSVI7,Leo Kuma,1
A3Q5AREMT69TDP,Dave A,1
A2DSXA1E02C86D,Joseph Haschka,1
